Datetime,Water Level (m)
2025-05-06 06:00:00,0.16095893
2025-05-06 07:00:00,0.13218477
2025-05-06 08:00:00,0.0726137
2025-05-06 09:00:00,-0.010861557
2025-05-06 10:00:00,-0.08710366
2025-05-06 11:00:00,-0.14052859
2025-05-06 12:00:00,-0.12644777
2025-05-06 13:00:00,-0.058284678
2025-05-06 14:00:00,0.04424804
2025-05-06 15:00:00,0.1695815
2025-05-06 16:00:00,0.26912028
2025-05-06 17:00:00,0.33840454
2025-05-06 18:00:00,0.34054074
2025-05-06 19:00:00,0.3003781
2025-05-06 20:00:00,0.22557989
2025-05-06 21:00:00,0.12991427
2025-05-06 22:00:00,0.024808606
2025-05-06 23:00:00,-0.08693401
2025-05-07 00:00:00,-0.16595864
2025-05-07 01:00:00,-0.17872517
2025-05-07 02:00:00,-0.13574463
2025-05-07 03:00:00,-0.06768844
2025-05-07 04:00:00,0.03381665
2025-05-07 05:00:00,0.12247016
2025-05-07 06:00:00,0.18060389
2025-05-07 07:00:00,0.20474592
2025-05-07 08:00:00,0.18765704
2025-05-07 09:00:00,0.1428304
2025-05-07 10:00:00,0.07520976
2025-05-07 11:00:00,-0.0036964535
2025-05-07 12:00:00,-0.055128735
2025-05-07 13:00:00,-0.049418543
2025-05-07 14:00:00,0.007951084
2025-05-07 15:00:00,0.09568593
2025-05-07 16:00:00,0.20274791
2025-05-07 17:00:00,0.30873168
2025-05-07 18:00:00,0.37833747
2025-05-07 19:00:00,0.38439068
2025-05-07 20:00:00,0.34643376
2025-05-07 21:00:00,0.27071515
2025-05-07 22:00:00,0.16363487
2025-05-07 23:00:00,0.05203251
2025-05-08 00:00:00,-0.072610036
2025-05-08 01:00:00,-0.1516578
2025-05-08 02:00:00,-0.14342864
2025-05-08 03:00:00,-0.084035754
2025-05-08 04:00:00,0.010497409
2025-05-08 05:00:00,0.13525839
2025-05-08 06:00:00,0.22771573
2025-05-08 07:00:00,0.3053593
2025-05-08 08:00:00,0.32331228
2025-05-08 09:00:00,0.30225772
2025-05-08 10:00:00,0.23747385
2025-05-08 11:00:00,0.15295458
2025-05-08 12:00:00,0.061824217
2025-05-08 13:00:00,-0.02054832
2025-05-08 14:00:00,-0.011882998
2025-05-08 15:00:00,0.049789503
2025-05-08 16:00:00,0.14378963
2025-05-08 17:00:00,0.25885
2025-05-08 18:00:00,0.3671857
2025-05-08 19:00:00,0.41253644
2025-05-08 20:00:00,0.40211365
2025-05-08 21:00:00,0.34036425
2025-05-08 22:00:00,0.2457821
2025-05-08 23:00:00,0.13256311
2025-05-09 00:00:00,0.016867073
2025-05-09 01:00:00,-0.103417665
2025-05-09 02:00:00,-0.16273716
2025-05-09 03:00:00,-0.1311257
2025-05-09 04:00:00,-0.053825025
2025-05-09 05:00:00,0.0754516
2025-05-09 06:00:00,0.20148759
2025-05-09 07:00:00,0.31666568
2025-05-09 08:00:00,0.38717744
2025-05-09 09:00:00,0.39515546
2025-05-09 10:00:00,0.3665415
2025-05-09 11:00:00,0.29318285
2025-05-09 12:00:00,0.18682685
2025-05-09 13:00:00,0.08063493
2025-05-09 14:00:00,-0.012732265
2025-05-09 15:00:00,0.0065064775
2025-05-09 16:00:00,0.07051605
2025-05-09 17:00:00,0.17224944
2025-05-09 18:00:00,0.29472572
2025-05-09 19:00:00,0.3997784
2025-05-09 20:00:00,0.4425966
2025-05-09 21:00:00,0.4296715
2025-05-09 22:00:00,0.37251335
2025-05-09 23:00:00,0.27434292
2025-05-10 00:00:00,0.15379597
2025-05-10 01:00:00,0.030650305
2025-05-10 02:00:00,-0.08762864
2025-05-10 03:00:00,-0.10197639
2025-05-10 04:00:00,-0.034031972
2025-05-10 05:00:00,0.07498584
2025-05-10 06:00:00,0.22430636
2025-05-10 07:00:00,0.36851683
2025-05-10 08:00:00,0.4716945
2025-05-10 09:00:00,0.5219162
2025-05-10 10:00:00,0.5108277
2025-05-10 11:00:00,0.454275
2025-05-10 12:00:00,0.35618436
2025-05-10 13:00:00,0.24052806
2025-05-10 14:00:00,0.116772555
2025-05-10 15:00:00,0.043668393
2025-05-10 16:00:00,0.076806635
2025-05-10 17:00:00,0.15281081
2025-05-10 18:00:00,0.25934198
2025-05-10 19:00:00,0.39478874
2025-05-10 20:00:00,0.4722169
2025-05-10 21:00:00,0.50050277
2025-05-10 22:00:00,0.4670812
2025-05-10 23:00:00,0.3894836
2025-05-11 00:00:00,0.27574858
2025-05-11 01:00:00,0.14761251
2025-05-11 02:00:00,0.021793077
2025-05-11 03:00:00,-0.07125587
2025-05-11 04:00:00,-0.024926014
2025-05-11 05:00:00,0.070756264
2025-05-11 06:00:00,0.21552047
2025-05-11 07:00:00,0.3831106
2025-05-11 08:00:00,0.5205376
2025-05-11 09:00:00,0.61246395
2025-05-11 10:00:00,0.6228852
2025-05-11 11:00:00,0.58604544
2025-05-11 12:00:00,0.4992198
2025-05-11 13:00:00,0.3840097
2025-05-11 14:00:00,0.25343537
2025-05-11 15:00:00,0.12352081
2025-05-11 16:00:00,0.09188972
2025-05-11 17:00:00,0.13853805
2025-05-11 18:00:00,0.22514358
2025-05-11 19:00:00,0.34951073
2025-05-11 20:00:00,0.4489586
2025-05-11 21:00:00,0.4944184
2025-05-11 22:00:00,0.4923626
2025-05-11 23:00:00,0.43662485
2025-05-12 00:00:00,0.345019
2025-05-12 01:00:00,0.22523887
2025-05-12 02:00:00,0.093120195
2025-05-12 03:00:00,-0.01998479
2025-05-12 04:00:00,-0.023452692
2025-05-12 05:00:00,0.0634009
2025-05-12 06:00:00,0.19361149
